<?xml version="1.0" encoding="UTF-8"?>
<root>
  <item name="com.google.android.material.textfield.IndicatorViewController android.widget.TextView getCaptionViewFromDisplayState(int) 0">
    <annotation name="android.support.annotation.IntDef">
      <val name="value" val="{com.google.android.material.textfield.IndicatorViewController.CAPTION_STATE_NONE, com.google.android.material.textfield.IndicatorViewController.CAPTION_STATE_ERROR, com.google.android.material.textfield.IndicatorViewController.CAPTION_STATE_HELPER_TEXT}" />
    </annotation>
  </item>
  <item name="com.google.android.material.textfield.IndicatorViewController boolean isCaptionStateError(int) 0">
    <annotation name="android.support.annotation.IntDef">
      <val name="value" val="{com.google.android.material.textfield.IndicatorViewController.CAPTION_STATE_NONE, com.google.android.material.textfield.IndicatorViewController.CAPTION_STATE_ERROR, com.google.android.material.textfield.IndicatorViewController.CAPTION_STATE_HELPER_TEXT}" />
    </annotation>
  </item>
  <item name="com.google.android.material.textfield.IndicatorViewController boolean isCaptionStateHelperText(int) 0">
    <annotation name="android.support.annotation.IntDef">
      <val name="value" val="{com.google.android.material.textfield.IndicatorViewController.CAPTION_STATE_NONE, com.google.android.material.textfield.IndicatorViewController.CAPTION_STATE_ERROR, com.google.android.material.textfield.IndicatorViewController.CAPTION_STATE_HELPER_TEXT}" />
    </annotation>
  </item>
  <item name="com.google.android.material.textfield.IndicatorViewController boolean isCaptionView(int) 0">
    <annotation name="android.support.annotation.IntDef">
      <val name="value" val="{com.google.android.material.textfield.IndicatorViewController.COUNTER_INDEX, com.google.android.material.textfield.IndicatorViewController.ERROR_INDEX, com.google.android.material.textfield.IndicatorViewController.HELPER_INDEX}" />
    </annotation>
  </item>
  <item name="com.google.android.material.textfield.IndicatorViewController void addIndicator(android.widget.TextView, int) 1">
    <annotation name="android.support.annotation.IntDef">
      <val name="value" val="{com.google.android.material.textfield.IndicatorViewController.COUNTER_INDEX, com.google.android.material.textfield.IndicatorViewController.ERROR_INDEX, com.google.android.material.textfield.IndicatorViewController.HELPER_INDEX}" />
    </annotation>
  </item>
  <item name="com.google.android.material.textfield.IndicatorViewController void createCaptionAnimators(java.util.List&lt;android.animation.Animator&gt;, boolean, android.widget.TextView, int, int, int) 3">
    <annotation name="android.support.annotation.IntDef">
      <val name="value" val="{com.google.android.material.textfield.IndicatorViewController.CAPTION_STATE_NONE, com.google.android.material.textfield.IndicatorViewController.CAPTION_STATE_ERROR, com.google.android.material.textfield.IndicatorViewController.CAPTION_STATE_HELPER_TEXT}" />
    </annotation>
  </item>
  <item name="com.google.android.material.textfield.IndicatorViewController void createCaptionAnimators(java.util.List&lt;android.animation.Animator&gt;, boolean, android.widget.TextView, int, int, int) 4">
    <annotation name="android.support.annotation.IntDef">
      <val name="value" val="{com.google.android.material.textfield.IndicatorViewController.CAPTION_STATE_NONE, com.google.android.material.textfield.IndicatorViewController.CAPTION_STATE_ERROR, com.google.android.material.textfield.IndicatorViewController.CAPTION_STATE_HELPER_TEXT}" />
    </annotation>
  </item>
  <item name="com.google.android.material.textfield.IndicatorViewController void createCaptionAnimators(java.util.List&lt;android.animation.Animator&gt;, boolean, android.widget.TextView, int, int, int) 5">
    <annotation name="android.support.annotation.IntDef">
      <val name="value" val="{com.google.android.material.textfield.IndicatorViewController.CAPTION_STATE_NONE, com.google.android.material.textfield.IndicatorViewController.CAPTION_STATE_ERROR, com.google.android.material.textfield.IndicatorViewController.CAPTION_STATE_HELPER_TEXT}" />
    </annotation>
  </item>
  <item name="com.google.android.material.textfield.IndicatorViewController void removeIndicator(android.widget.TextView, int) 1">
    <annotation name="android.support.annotation.IntDef">
      <val name="value" val="{com.google.android.material.textfield.IndicatorViewController.COUNTER_INDEX, com.google.android.material.textfield.IndicatorViewController.ERROR_INDEX, com.google.android.material.textfield.IndicatorViewController.HELPER_INDEX}" />
    </annotation>
  </item>
  <item name="com.google.android.material.textfield.IndicatorViewController void setCaptionViewVisibilities(int, int) 0">
    <annotation name="android.support.annotation.IntDef">
      <val name="value" val="{com.google.android.material.textfield.IndicatorViewController.CAPTION_STATE_NONE, com.google.android.material.textfield.IndicatorViewController.CAPTION_STATE_ERROR, com.google.android.material.textfield.IndicatorViewController.CAPTION_STATE_HELPER_TEXT}" />
    </annotation>
  </item>
  <item name="com.google.android.material.textfield.IndicatorViewController void setCaptionViewVisibilities(int, int) 1">
    <annotation name="android.support.annotation.IntDef">
      <val name="value" val="{com.google.android.material.textfield.IndicatorViewController.CAPTION_STATE_NONE, com.google.android.material.textfield.IndicatorViewController.CAPTION_STATE_ERROR, com.google.android.material.textfield.IndicatorViewController.CAPTION_STATE_HELPER_TEXT}" />
    </annotation>
  </item>
  <item name="com.google.android.material.textfield.IndicatorViewController void updateCaptionViewsVisibility(int, int, boolean) 0">
    <annotation name="android.support.annotation.IntDef">
      <val name="value" val="{com.google.android.material.textfield.IndicatorViewController.CAPTION_STATE_NONE, com.google.android.material.textfield.IndicatorViewController.CAPTION_STATE_ERROR, com.google.android.material.textfield.IndicatorViewController.CAPTION_STATE_HELPER_TEXT}" />
    </annotation>
  </item>
  <item name="com.google.android.material.textfield.IndicatorViewController void updateCaptionViewsVisibility(int, int, boolean) 1">
    <annotation name="android.support.annotation.IntDef">
      <val name="value" val="{com.google.android.material.textfield.IndicatorViewController.CAPTION_STATE_NONE, com.google.android.material.textfield.IndicatorViewController.CAPTION_STATE_ERROR, com.google.android.material.textfield.IndicatorViewController.CAPTION_STATE_HELPER_TEXT}" />
    </annotation>
  </item>
  <item name="com.google.android.material.textfield.TextInputLayout boxBackgroundMode">
    <annotation name="android.support.annotation.IntDef">
      <val name="value" val="{com.google.android.material.textfield.TextInputLayout.BOX_BACKGROUND_NONE, com.google.android.material.textfield.TextInputLayout.BOX_BACKGROUND_FILLED, com.google.android.material.textfield.TextInputLayout.BOX_BACKGROUND_OUTLINE}" />
    </annotation>
  </item>
  <item name="com.google.android.material.textfield.TextInputLayout void setBoxBackgroundMode(int) 0">
    <annotation name="android.support.annotation.IntDef">
      <val name="value" val="{com.google.android.material.textfield.TextInputLayout.BOX_BACKGROUND_NONE, com.google.android.material.textfield.TextInputLayout.BOX_BACKGROUND_FILLED, com.google.android.material.textfield.TextInputLayout.BOX_BACKGROUND_OUTLINE}" />
    </annotation>
  </item>
  <item name="android.support.design.widget.TextInputLayout.BoxBackgroundMode">
    <annotation name="android.support.annotation.IntDef">
      <val name="value" val="{com.google.android.material.textfield.TextInputLayout.BOX_BACKGROUND_NONE, com.google.android.material.textfield.TextInputLayout.BOX_BACKGROUND_FILLED, com.google.android.material.textfield.TextInputLayout.BOX_BACKGROUND_OUTLINE}" />
    </annotation>
  </item>
</root>

