<?xml version="1.0" encoding="UTF-8"?>
<root>
  <item name="com.google.android.material.tabs.TabLayout int getTabGravity()">
    <annotation name="android.support.annotation.IntDef">
      <val name="flag" val="true" />
      <val name="value" val="{com.google.android.material.tabs.TabLayout.GRAVITY_FILL, com.google.android.material.tabs.TabLayout.GRAVITY_CENTER}" />
    </annotation>
  </item>
  <item name="com.google.android.material.tabs.TabLayout int getTabIndicatorGravity()">
    <annotation name="android.support.annotation.IntDef">
      <val name="value" val="{com.google.android.material.tabs.TabLayout.INDICATOR_GRAVITY_BOTTOM, com.google.android.material.tabs.TabLayout.INDICATOR_GRAVITY_CENTER, com.google.android.material.tabs.TabLayout.INDICATOR_GRAVITY_TOP, com.google.android.material.tabs.TabLayout.INDICATOR_GRAVITY_STRETCH}" />
    </annotation>
  </item>
  <item name="com.google.android.material.tabs.TabLayout int getTabMode()">
    <annotation name="android.support.annotation.IntDef">
      <val name="value" val="{com.google.android.material.tabs.TabLayout.MODE_SCROLLABLE, com.google.android.material.tabs.TabLayout.MODE_FIXED}" />
    </annotation>
  </item>
  <item name="com.google.android.material.tabs.TabLayout mode">
    <annotation name="android.support.annotation.IntDef">
      <val name="value" val="{com.google.android.material.tabs.TabLayout.MODE_SCROLLABLE, com.google.android.material.tabs.TabLayout.MODE_FIXED}" />
    </annotation>
  </item>
  <item name="com.google.android.material.tabs.TabLayout tabIndicatorGravity">
    <annotation name="android.support.annotation.IntDef">
      <val name="value" val="{com.google.android.material.tabs.TabLayout.INDICATOR_GRAVITY_BOTTOM, com.google.android.material.tabs.TabLayout.INDICATOR_GRAVITY_CENTER, com.google.android.material.tabs.TabLayout.INDICATOR_GRAVITY_TOP, com.google.android.material.tabs.TabLayout.INDICATOR_GRAVITY_STRETCH}" />
    </annotation>
  </item>
  <item name="com.google.android.material.tabs.TabLayout void setSelectedTabIndicatorGravity(int) 0">
    <annotation name="android.support.annotation.IntDef">
      <val name="value" val="{com.google.android.material.tabs.TabLayout.INDICATOR_GRAVITY_BOTTOM, com.google.android.material.tabs.TabLayout.INDICATOR_GRAVITY_CENTER, com.google.android.material.tabs.TabLayout.INDICATOR_GRAVITY_TOP, com.google.android.material.tabs.TabLayout.INDICATOR_GRAVITY_STRETCH}" />
    </annotation>
  </item>
  <item name="com.google.android.material.tabs.TabLayout void setTabGravity(int) 0">
    <annotation name="android.support.annotation.IntDef">
      <val name="flag" val="true" />
      <val name="value" val="{com.google.android.material.tabs.TabLayout.GRAVITY_FILL, com.google.android.material.tabs.TabLayout.GRAVITY_CENTER}" />
    </annotation>
  </item>
  <item name="com.google.android.material.tabs.TabLayout void setTabMode(int) 0">
    <annotation name="android.support.annotation.IntDef">
      <val name="value" val="{com.google.android.material.tabs.TabLayout.MODE_SCROLLABLE, com.google.android.material.tabs.TabLayout.MODE_FIXED}" />
    </annotation>
  </item>
  <item name="android.support.design.widget.TabLayout.Mode">
    <annotation name="android.support.annotation.IntDef">
      <val name="value" val="{com.google.android.material.tabs.TabLayout.MODE_SCROLLABLE, com.google.android.material.tabs.TabLayout.MODE_FIXED}" />
    </annotation>
  </item>
  <item name="android.support.design.widget.TabLayout.TabGravity">
    <annotation name="android.support.annotation.IntDef">
      <val name="flag" val="true" />
      <val name="value" val="{com.google.android.material.tabs.TabLayout.GRAVITY_FILL, com.google.android.material.tabs.TabLayout.GRAVITY_CENTER}" />
    </annotation>
  </item>
  <item name="android.support.design.widget.TabLayout.TabIndicatorGravity">
    <annotation name="android.support.annotation.IntDef">
      <val name="value" val="{com.google.android.material.tabs.TabLayout.INDICATOR_GRAVITY_BOTTOM, com.google.android.material.tabs.TabLayout.INDICATOR_GRAVITY_CENTER, com.google.android.material.tabs.TabLayout.INDICATOR_GRAVITY_TOP, com.google.android.material.tabs.TabLayout.INDICATOR_GRAVITY_STRETCH}" />
    </annotation>
  </item>
</root>

