<?xml version="1.0" encoding="UTF-8"?>
<root>
  <item name="androidx.mediarouter.media.MediaRouter void addCallback(androidx.mediarouter.media.MediaRouteSelector, androidx.mediarouter.media.MediaRouter.Callback, int) 2">
    <annotation name="android.support.annotation.IntDef">
      <val name="flag" val="true" />
      <val name="value" val="{androidx.mediarouter.media.MediaRouter.CALLBACK_FLAG_PERFORM_ACTIVE_SCAN, androidx.mediarouter.media.MediaRouter.CALLBACK_FLAG_REQUEST_DISCOVERY, androidx.mediarouter.media.MediaRouter.CALLBACK_FLAG_UNFILTERED_EVENTS}" />
    </annotation>
  </item>
  <item name="androidx.mediarouter.media.MediaRouter.RouteInfo int getConnectionState()">
    <annotation name="android.support.annotation.IntDef">
      <val name="value" val="{androidx.mediarouter.media.MediaRouter.RouteInfo.CONNECTION_STATE_DISCONNECTED, androidx.mediarouter.media.MediaRouter.RouteInfo.CONNECTION_STATE_CONNECTING, androidx.mediarouter.media.MediaRouter.RouteInfo.CONNECTION_STATE_CONNECTED}" />
    </annotation>
  </item>
  <item name="androidx.mediarouter.media.MediaRouter.RouteInfo int getPlaybackType()">
    <annotation name="android.support.annotation.IntDef">
      <val name="value" val="{androidx.mediarouter.media.MediaRouter.RouteInfo.PLAYBACK_TYPE_LOCAL, androidx.mediarouter.media.MediaRouter.RouteInfo.PLAYBACK_TYPE_REMOTE}" />
    </annotation>
  </item>
  <item name="androidx.mediarouter.media.MediaRouter.RouteInfo int getVolumeHandling()">
    <annotation name="android.support.annotation.IntDef">
      <val name="value" val="{androidx.mediarouter.media.MediaRouter.RouteInfo.PLAYBACK_VOLUME_FIXED, androidx.mediarouter.media.MediaRouter.RouteInfo.PLAYBACK_VOLUME_VARIABLE}" />
    </annotation>
  </item>
</root>

