<?xml version="1.0" encoding="UTF-8"?>
<root>
  <item name="androidx.core.graphics.drawable.IconCompat int getType()">
    <annotation name="android.support.annotation.IntDef">
      <val name="value" val="{androidx.core.graphics.drawable.IconCompat.TYPE_UNKNOWN, android.graphics.drawable.Icon.TYPE_BITMAP, android.graphics.drawable.Icon.TYPE_RESOURCE, android.graphics.drawable.Icon.TYPE_DATA, android.graphics.drawable.Icon.TYPE_URI, android.graphics.drawable.Icon.TYPE_ADAPTIVE_BITMAP}" />
    </annotation>
  </item>
  <item name="androidx.core.graphics.drawable.IconCompat int getType(android.graphics.drawable.Icon)">
    <annotation name="android.support.annotation.IntDef">
      <val name="value" val="{androidx.core.graphics.drawable.IconCompat.TYPE_UNKNOWN, android.graphics.drawable.Icon.TYPE_BITMAP, android.graphics.drawable.Icon.TYPE_RESOURCE, android.graphics.drawable.Icon.TYPE_DATA, android.graphics.drawable.Icon.TYPE_URI, android.graphics.drawable.Icon.TYPE_ADAPTIVE_BITMAP}" />
    </annotation>
  </item>
  <item name="android.support.v4.graphics.drawable.IconCompat.IconType">
    <annotation name="android.support.annotation.IntDef">
      <val name="value" val="{androidx.core.graphics.drawable.IconCompat.TYPE_UNKNOWN, android.graphics.drawable.Icon.TYPE_BITMAP, android.graphics.drawable.Icon.TYPE_RESOURCE, android.graphics.drawable.Icon.TYPE_DATA, android.graphics.drawable.Icon.TYPE_URI, android.graphics.drawable.Icon.TYPE_ADAPTIVE_BITMAP}" />
    </annotation>
  </item>
</root>

