<?xml version="1.0" encoding="UTF-8"?>
<root>
  <item name="com.google.android.material.bottomnavigation.BottomNavigationItemView void setLabelVisibilityMode(int) 0">
    <annotation name="android.support.annotation.IntDef">
      <val name="value" val="{com.google.android.material.bottomnavigation.LabelVisibilityMode.LABEL_VISIBILITY_AUTO, com.google.android.material.bottomnavigation.LabelVisibilityMode.LABEL_VISIBILITY_SELECTED, com.google.android.material.bottomnavigation.LabelVisibilityMode.LABEL_VISIBILITY_LABELED, com.google.android.material.bottomnavigation.LabelVisibilityMode.LABEL_VISIBILITY_UNLABELED}" />
    </annotation>
  </item>
  <item name="com.google.android.material.bottomnavigation.BottomNavigationMenuView boolean isShifting(int, int) 0">
    <annotation name="android.support.annotation.IntDef">
      <val name="value" val="{com.google.android.material.bottomnavigation.LabelVisibilityMode.LABEL_VISIBILITY_AUTO, com.google.android.material.bottomnavigation.LabelVisibilityMode.LABEL_VISIBILITY_SELECTED, com.google.android.material.bottomnavigation.LabelVisibilityMode.LABEL_VISIBILITY_LABELED, com.google.android.material.bottomnavigation.LabelVisibilityMode.LABEL_VISIBILITY_UNLABELED}" />
    </annotation>
  </item>
  <item name="com.google.android.material.bottomnavigation.BottomNavigationMenuView labelVisibilityMode">
    <annotation name="android.support.annotation.IntDef">
      <val name="value" val="{com.google.android.material.bottomnavigation.LabelVisibilityMode.LABEL_VISIBILITY_AUTO, com.google.android.material.bottomnavigation.LabelVisibilityMode.LABEL_VISIBILITY_SELECTED, com.google.android.material.bottomnavigation.LabelVisibilityMode.LABEL_VISIBILITY_LABELED, com.google.android.material.bottomnavigation.LabelVisibilityMode.LABEL_VISIBILITY_UNLABELED}" />
    </annotation>
  </item>
  <item name="com.google.android.material.bottomnavigation.BottomNavigationMenuView void setLabelVisibilityMode(int) 0">
    <annotation name="android.support.annotation.IntDef">
      <val name="value" val="{com.google.android.material.bottomnavigation.LabelVisibilityMode.LABEL_VISIBILITY_AUTO, com.google.android.material.bottomnavigation.LabelVisibilityMode.LABEL_VISIBILITY_SELECTED, com.google.android.material.bottomnavigation.LabelVisibilityMode.LABEL_VISIBILITY_LABELED, com.google.android.material.bottomnavigation.LabelVisibilityMode.LABEL_VISIBILITY_UNLABELED}" />
    </annotation>
  </item>
  <item name="com.google.android.material.bottomnavigation.BottomNavigationView int getLabelVisibilityMode()">
    <annotation name="android.support.annotation.IntDef">
      <val name="value" val="{com.google.android.material.bottomnavigation.LabelVisibilityMode.LABEL_VISIBILITY_AUTO, com.google.android.material.bottomnavigation.LabelVisibilityMode.LABEL_VISIBILITY_SELECTED, com.google.android.material.bottomnavigation.LabelVisibilityMode.LABEL_VISIBILITY_LABELED, com.google.android.material.bottomnavigation.LabelVisibilityMode.LABEL_VISIBILITY_UNLABELED}" />
    </annotation>
  </item>
  <item name="com.google.android.material.bottomnavigation.BottomNavigationView void setLabelVisibilityMode(int) 0">
    <annotation name="android.support.annotation.IntDef">
      <val name="value" val="{com.google.android.material.bottomnavigation.LabelVisibilityMode.LABEL_VISIBILITY_AUTO, com.google.android.material.bottomnavigation.LabelVisibilityMode.LABEL_VISIBILITY_SELECTED, com.google.android.material.bottomnavigation.LabelVisibilityMode.LABEL_VISIBILITY_LABELED, com.google.android.material.bottomnavigation.LabelVisibilityMode.LABEL_VISIBILITY_UNLABELED}" />
    </annotation>
  </item>
  <item name="android.support.design.bottomnavigation.LabelVisibilityMode">
    <annotation name="android.support.annotation.IntDef">
      <val name="value" val="{com.google.android.material.bottomnavigation.LabelVisibilityMode.LABEL_VISIBILITY_AUTO, com.google.android.material.bottomnavigation.LabelVisibilityMode.LABEL_VISIBILITY_SELECTED, com.google.android.material.bottomnavigation.LabelVisibilityMode.LABEL_VISIBILITY_LABELED, com.google.android.material.bottomnavigation.LabelVisibilityMode.LABEL_VISIBILITY_UNLABELED}" />
    </annotation>
  </item>
</root>

