<?xml version="1.0" encoding="UTF-8"?>
<root>
  <item name="androidx.browser.browseractions.BrowserActionsIntent.BrowserActionsItemId">
    <annotation name="android.support.annotation.IntDef">
      <val name="value" val="{androidx.browser.browseractions.BrowserActionsIntent.ITEM_INVALID_ITEM, androidx.browser.browseractions.BrowserActionsIntent.ITEM_OPEN_IN_NEW_TAB, androidx.browser.browseractions.BrowserActionsIntent.ITEM_OPEN_IN_INCOGNITO, androidx.browser.browseractions.BrowserActionsIntent.ITEM_DOWNLOAD, androidx.browser.browseractions.BrowserActionsIntent.ITEM_COPY, androidx.browser.browseractions.BrowserActionsIntent.ITEM_SHARE}" />
    </annotation>
  </item>
  <item name="androidx.browser.browseractions.BrowserActionsIntent.BrowserActionsUrlType">
    <annotation name="android.support.annotation.IntDef">
      <val name="value" val="{androidx.browser.browseractions.BrowserActionsIntent.URL_TYPE_NONE, androidx.browser.browseractions.BrowserActionsIntent.URL_TYPE_IMAGE, androidx.browser.browseractions.BrowserActionsIntent.URL_TYPE_VIDEO, androidx.browser.browseractions.BrowserActionsIntent.URL_TYPE_AUDIO, androidx.browser.browseractions.BrowserActionsIntent.URL_TYPE_FILE, androidx.browser.browseractions.BrowserActionsIntent.URL_TYPE_PLUGIN}" />
    </annotation>
  </item>
  <item name="androidx.browser.browseractions.BrowserActionsIntent.Builder androidx.browser.browseractions.BrowserActionsIntent.Builder setUrlType(int) 0">
    <annotation name="android.support.annotation.IntDef">
      <val name="value" val="{androidx.browser.browseractions.BrowserActionsIntent.URL_TYPE_NONE, androidx.browser.browseractions.BrowserActionsIntent.URL_TYPE_IMAGE, androidx.browser.browseractions.BrowserActionsIntent.URL_TYPE_VIDEO, androidx.browser.browseractions.BrowserActionsIntent.URL_TYPE_AUDIO, androidx.browser.browseractions.BrowserActionsIntent.URL_TYPE_FILE, androidx.browser.browseractions.BrowserActionsIntent.URL_TYPE_PLUGIN}" />
    </annotation>
  </item>
  <item name="androidx.browser.browseractions.BrowserActionsIntent.Builder mType">
    <annotation name="android.support.annotation.IntDef">
      <val name="value" val="{androidx.browser.browseractions.BrowserActionsIntent.URL_TYPE_NONE, androidx.browser.browseractions.BrowserActionsIntent.URL_TYPE_IMAGE, androidx.browser.browseractions.BrowserActionsIntent.URL_TYPE_VIDEO, androidx.browser.browseractions.BrowserActionsIntent.URL_TYPE_AUDIO, androidx.browser.browseractions.BrowserActionsIntent.URL_TYPE_FILE, androidx.browser.browseractions.BrowserActionsIntent.URL_TYPE_PLUGIN}" />
    </annotation>
  </item>
</root>

