<?xml version="1.0" encoding="UTF-8"?>
<root>
  <item name="androidx.appcompat.graphics.drawable.DrawerArrowDrawable int getDirection()">
    <annotation name="android.support.annotation.IntDef">
      <val name="value" val="{androidx.appcompat.graphics.drawable.DrawerArrowDrawable.ARROW_DIRECTION_LEFT, androidx.appcompat.graphics.drawable.DrawerArrowDrawable.ARROW_DIRECTION_RIGHT, androidx.appcompat.graphics.drawable.DrawerArrowDrawable.ARROW_DIRECTION_START, androidx.appcompat.graphics.drawable.DrawerArrowDrawable.ARROW_DIRECTION_END}" />
    </annotation>
  </item>
  <item name="androidx.appcompat.graphics.drawable.DrawerArrowDrawable void setDirection(int) 0">
    <annotation name="android.support.annotation.IntDef">
      <val name="value" val="{androidx.appcompat.graphics.drawable.DrawerArrowDrawable.ARROW_DIRECTION_LEFT, androidx.appcompat.graphics.drawable.DrawerArrowDrawable.ARROW_DIRECTION_RIGHT, androidx.appcompat.graphics.drawable.DrawerArrowDrawable.ARROW_DIRECTION_START, androidx.appcompat.graphics.drawable.DrawerArrowDrawable.ARROW_DIRECTION_END}" />
    </annotation>
  </item>
  <item name="android.support.v7.graphics.drawable.DrawerArrowDrawable.ArrowDirection">
    <annotation name="android.support.annotation.IntDef">
      <val name="value" val="{androidx.appcompat.graphics.drawable.DrawerArrowDrawable.ARROW_DIRECTION_LEFT, androidx.appcompat.graphics.drawable.DrawerArrowDrawable.ARROW_DIRECTION_RIGHT, androidx.appcompat.graphics.drawable.DrawerArrowDrawable.ARROW_DIRECTION_START, androidx.appcompat.graphics.drawable.DrawerArrowDrawable.ARROW_DIRECTION_END}" />
    </annotation>
  </item>
</root>

