<?xml version="1.0" encoding="UTF-8"?>
<root>
  <item name="com.google.android.material.floatingactionbutton.FloatingActionButton int getSize()">
    <annotation name="android.support.annotation.IntDef">
      <val name="value" val="{com.google.android.material.floatingactionbutton.FloatingActionButton.SIZE_MINI, com.google.android.material.floatingactionbutton.FloatingActionButton.SIZE_NORMAL, com.google.android.material.floatingactionbutton.FloatingActionButton.SIZE_AUTO}" />
    </annotation>
  </item>
  <item name="com.google.android.material.floatingactionbutton.FloatingActionButton int getSizeDimension(int) 0">
    <annotation name="android.support.annotation.IntDef">
      <val name="value" val="{com.google.android.material.floatingactionbutton.FloatingActionButton.SIZE_MINI, com.google.android.material.floatingactionbutton.FloatingActionButton.SIZE_NORMAL, com.google.android.material.floatingactionbutton.FloatingActionButton.SIZE_AUTO}" />
    </annotation>
  </item>
  <item name="com.google.android.material.floatingactionbutton.FloatingActionButton void setSize(int) 0">
    <annotation name="android.support.annotation.IntDef">
      <val name="value" val="{com.google.android.material.floatingactionbutton.FloatingActionButton.SIZE_MINI, com.google.android.material.floatingactionbutton.FloatingActionButton.SIZE_NORMAL, com.google.android.material.floatingactionbutton.FloatingActionButton.SIZE_AUTO}" />
    </annotation>
  </item>
  <item name="android.support.design.widget.FloatingActionButton.Size">
    <annotation name="android.support.annotation.IntDef">
      <val name="value" val="{com.google.android.material.floatingactionbutton.FloatingActionButton.SIZE_MINI, com.google.android.material.floatingactionbutton.FloatingActionButton.SIZE_NORMAL, com.google.android.material.floatingactionbutton.FloatingActionButton.SIZE_AUTO}" />
    </annotation>
  </item>
</root>

