<?xml version="1.0" encoding="UTF-8"?>
<root>
  <item name="androidx.swiperefreshlayout.widget.CircularProgressDrawable void setStyle(int) 0">
    <annotation name="android.support.annotation.IntDef">
      <val name="value" val="{androidx.swiperefreshlayout.widget.CircularProgressDrawable.LARGE, androidx.swiperefreshlayout.widget.CircularProgressDrawable.DEFAULT}" />
    </annotation>
  </item>
  <item name="android.support.v4.widget.CircularProgressDrawable.ProgressDrawableSize">
    <annotation name="android.support.annotation.IntDef">
      <val name="value" val="{androidx.swiperefreshlayout.widget.CircularProgressDrawable.LARGE, androidx.swiperefreshlayout.widget.CircularProgressDrawable.DEFAULT}" />
    </annotation>
  </item>
</root>

