<?xml version="1.0" encoding="UTF-8"?>
<root>
  <item name="androidx.core.widget.AutoSizeableTextView int getAutoSizeTextType()">
    <annotation name="android.support.annotation.IntDef">
      <val name="value" val="{androidx.core.widget.TextViewCompat.AUTO_SIZE_TEXT_TYPE_NONE, androidx.core.widget.TextViewCompat.AUTO_SIZE_TEXT_TYPE_UNIFORM}" />
    </annotation>
  </item>
  <item name="androidx.core.widget.AutoSizeableTextView void setAutoSizeTextTypeWithDefaults(int) 0">
    <annotation name="android.support.annotation.IntDef">
      <val name="value" val="{androidx.core.widget.TextViewCompat.AUTO_SIZE_TEXT_TYPE_NONE, androidx.core.widget.TextViewCompat.AUTO_SIZE_TEXT_TYPE_UNIFORM}" />
    </annotation>
  </item>
  <item name="android.support.v4.widget.TextViewCompat.AutoSizeTextType">
    <annotation name="android.support.annotation.IntDef">
      <val name="value" val="{androidx.core.widget.TextViewCompat.AUTO_SIZE_TEXT_TYPE_NONE, androidx.core.widget.TextViewCompat.AUTO_SIZE_TEXT_TYPE_UNIFORM}" />
    </annotation>
  </item>
</root>

