<?xml version="1.0" encoding="UTF-8"?>
<root>
  <item name="androidx.coordinatorlayout.widget.CoordinatorLayout void onChildViewsChanged(int) 0">
    <annotation name="android.support.annotation.IntDef">
      <val name="value" val="{androidx.coordinatorlayout.widget.CoordinatorLayout.EVENT_PRE_DRAW, androidx.coordinatorlayout.widget.CoordinatorLayout.EVENT_NESTED_SCROLL, androidx.coordinatorlayout.widget.CoordinatorLayout.EVENT_VIEW_REMOVED}" />
    </annotation>
  </item>
  <item name="android.support.design.widget.CoordinatorLayout.DispatchChangeEvent">
    <annotation name="android.support.annotation.IntDef">
      <val name="value" val="{androidx.coordinatorlayout.widget.CoordinatorLayout.EVENT_PRE_DRAW, androidx.coordinatorlayout.widget.CoordinatorLayout.EVENT_NESTED_SCROLL, androidx.coordinatorlayout.widget.CoordinatorLayout.EVENT_VIEW_REMOVED}" />
    </annotation>
  </item>
</root>

