<?xml version="1.0" encoding="UTF-8"?>
<root>
  <item name="com.google.android.material.appbar.AppBarLayout.LayoutParams int getScrollFlags()">
    <annotation name="android.support.annotation.IntDef">
      <val name="flag" val="true" />
      <val name="value" val="{com.google.android.material.appbar.AppBarLayout.LayoutParams.SCROLL_FLAG_SCROLL, com.google.android.material.appbar.AppBarLayout.LayoutParams.SCROLL_FLAG_EXIT_UNTIL_COLLAPSED, com.google.android.material.appbar.AppBarLayout.LayoutParams.SCROLL_FLAG_ENTER_ALWAYS, com.google.android.material.appbar.AppBarLayout.LayoutParams.SCROLL_FLAG_ENTER_ALWAYS_COLLAPSED, com.google.android.material.appbar.AppBarLayout.LayoutParams.SCROLL_FLAG_SNAP, com.google.android.material.appbar.AppBarLayout.LayoutParams.SCROLL_FLAG_SNAP_MARGINS}" />
    </annotation>
  </item>
  <item name="com.google.android.material.appbar.AppBarLayout.LayoutParams void setScrollFlags(int) 0">
    <annotation name="android.support.annotation.IntDef">
      <val name="flag" val="true" />
      <val name="value" val="{com.google.android.material.appbar.AppBarLayout.LayoutParams.SCROLL_FLAG_SCROLL, com.google.android.material.appbar.AppBarLayout.LayoutParams.SCROLL_FLAG_EXIT_UNTIL_COLLAPSED, com.google.android.material.appbar.AppBarLayout.LayoutParams.SCROLL_FLAG_ENTER_ALWAYS, com.google.android.material.appbar.AppBarLayout.LayoutParams.SCROLL_FLAG_ENTER_ALWAYS_COLLAPSED, com.google.android.material.appbar.AppBarLayout.LayoutParams.SCROLL_FLAG_SNAP, com.google.android.material.appbar.AppBarLayout.LayoutParams.SCROLL_FLAG_SNAP_MARGINS}" />
    </annotation>
  </item>
  <item name="android.support.design.widget.AppBarLayout.LayoutParams.ScrollFlags">
    <annotation name="android.support.annotation.IntDef">
      <val name="flag" val="true" />
      <val name="value" val="{com.google.android.material.appbar.AppBarLayout.LayoutParams.SCROLL_FLAG_SCROLL, com.google.android.material.appbar.AppBarLayout.LayoutParams.SCROLL_FLAG_EXIT_UNTIL_COLLAPSED, com.google.android.material.appbar.AppBarLayout.LayoutParams.SCROLL_FLAG_ENTER_ALWAYS, com.google.android.material.appbar.AppBarLayout.LayoutParams.SCROLL_FLAG_ENTER_ALWAYS_COLLAPSED, com.google.android.material.appbar.AppBarLayout.LayoutParams.SCROLL_FLAG_SNAP, com.google.android.material.appbar.AppBarLayout.LayoutParams.SCROLL_FLAG_SNAP_MARGINS}" />
    </annotation>
  </item>
  <item name="com.google.android.material.appbar.CollapsingToolbarLayout.LayoutParams int getCollapseMode()">
    <annotation name="android.support.annotation.IntDef">
      <val name="value" val="{com.google.android.material.appbar.CollapsingToolbarLayout.LayoutParams.COLLAPSE_MODE_OFF, com.google.android.material.appbar.CollapsingToolbarLayout.LayoutParams.COLLAPSE_MODE_PIN, com.google.android.material.appbar.CollapsingToolbarLayout.LayoutParams.COLLAPSE_MODE_PARALLAX}" />
    </annotation>
  </item>
  <item name="com.google.android.material.appbar.CollapsingToolbarLayout.LayoutParams void setCollapseMode(int) 0">
    <annotation name="android.support.annotation.IntDef">
      <val name="value" val="{com.google.android.material.appbar.CollapsingToolbarLayout.LayoutParams.COLLAPSE_MODE_OFF, com.google.android.material.appbar.CollapsingToolbarLayout.LayoutParams.COLLAPSE_MODE_PIN, com.google.android.material.appbar.CollapsingToolbarLayout.LayoutParams.COLLAPSE_MODE_PARALLAX}" />
    </annotation>
  </item>
</root>

