<?xml version="1.0" encoding="UTF-8"?>
<root>
  <item name="androidx.media.session.MediaButtonReceiver android.app.PendingIntent buildMediaButtonPendingIntent(android.content.Context, android.content.ComponentName, long) 2">
    <annotation name="android.support.annotation.LongDef">
      <val name="value" val="{android.support.v4.media.session.PlaybackStateCompat.ACTION_STOP, android.support.v4.media.session.PlaybackStateCompat.ACTION_PAUSE, android.support.v4.media.session.PlaybackStateCompat.ACTION_PLAY, android.support.v4.media.session.PlaybackStateCompat.ACTION_REWIND, android.support.v4.media.session.PlaybackStateCompat.ACTION_SKIP_TO_PREVIOUS, android.support.v4.media.session.PlaybackStateCompat.ACTION_SKIP_TO_NEXT, android.support.v4.media.session.PlaybackStateCompat.ACTION_FAST_FORWARD, android.support.v4.media.session.PlaybackStateCompat.ACTION_PLAY_PAUSE}" />
    </annotation>
  </item>
  <item name="androidx.media.session.MediaButtonReceiver android.app.PendingIntent buildMediaButtonPendingIntent(android.content.Context, long) 1">
    <annotation name="android.support.annotation.LongDef">
      <val name="value" val="{android.support.v4.media.session.PlaybackStateCompat.ACTION_STOP, android.support.v4.media.session.PlaybackStateCompat.ACTION_PAUSE, android.support.v4.media.session.PlaybackStateCompat.ACTION_PLAY, android.support.v4.media.session.PlaybackStateCompat.ACTION_REWIND, android.support.v4.media.session.PlaybackStateCompat.ACTION_SKIP_TO_PREVIOUS, android.support.v4.media.session.PlaybackStateCompat.ACTION_SKIP_TO_NEXT, android.support.v4.media.session.PlaybackStateCompat.ACTION_FAST_FORWARD, android.support.v4.media.session.PlaybackStateCompat.ACTION_PLAY_PAUSE}" />
    </annotation>
  </item>
</root>

